{
    "current": {
        "colors_solid_button_labels": "#ffffff",
        "colors_accent_1": "#404040",
        "gradient_accent_1": "",
        "colors_accent_2": "#404040",
        "gradient_accent_2": "",
        "colors_accent_3": "#3d3c3c",
        "colors_text": "#000000",
        "colors_outline_button_labels": "#f1e3d5",
        "colors_background_1": "#f6f5f0",
        "gradient_background_1": "",
        "colors_background_2": "#cfdcdd",
        "gradient_background_2": "",
        "colors_background_3": "#fff",
        "overlay_color": "#ecebe7",
        "preloader_enable": true,
        "type_header_font": "archivo_narrow_n4",
        "heading_scale": 100,
        "custom_font_script_1": "@import url('https:\/\/fonts.googleapis.com\/css2?family=Gloock&display=swap');",
        "custom_font_family_1": "'Gloock', serif;",
        "type_body_font": "twentieth_century_n4",
        "body_scale": 100,
        "custom_font_script_2": "@import url('https:\/\/fonts.googleapis.com\/css2?family=Montserrat:ital,wght@0,100;0,200;0,300;0,400;0,500;0,600;0,700;0,800;0,900;1,100;1,200;1,300;1,400;1,500;1,600;1,700;1,800;1,900&display=swap');",
        "custom_font_family_2": "'Montserrat', sans-serif;",
        "type_additional_font": "nunito_n4",
        "custom_font_script_3": "",
        "custom_font_family_3": "",
        "display_color_variant": false,
        "display_item_size": false,
        "enable_timer": true,
        "enable_wishlist": true,
        "enable_compare": true,
        "enable_quickview": false,
        "enable_quickadd": true,
        "enable_scroll_to_top": true,
        "offer_price_enable": false,
        "page_width": 1460,
        "page_full_width_spacing": 100,
        "spacing_sections": 0,
        "spacing_grid_horizontal": 20,
        "spacing_grid_vertical": 20,
        "sidebar_width": 300,
        "buttons_border_thickness": 0,
        "buttons_border_opacity": 100,
        "buttons_radius": 0,
        "buttons_shadow_opacity": 0,
        "buttons_shadow_horizontal_offset": 0,
        "buttons_shadow_vertical_offset": 0,
        "buttons_shadow_blur": 0,
        "variant_pills_border_thickness": 0,
        "variant_pills_border_opacity": 55,
        "variant_pills_radius": 0,
        "variant_pills_shadow_opacity": 0,
        "variant_pills_shadow_horizontal_offset": 0,
        "variant_pills_shadow_vertical_offset": 4,
        "variant_pills_shadow_blur": 5,
        "inputs_border_thickness": 1,
        "inputs_border_opacity": 100,
        "inputs_radius": 0,
        "inputs_shadow_opacity": 0,
        "inputs_shadow_horizontal_offset": 0,
        "inputs_shadow_vertical_offset": 0,
        "inputs_shadow_blur": 0,
        "card_style": "card",
        "button_style": "button",
        "card_image_padding": 0,
        "card_text_alignment": "center",
        "card_color_scheme": "transparent",
        "card_border_thickness": 0,
        "card_border_opacity": 0,
        "card_corner_radius": 0,
        "card_shadow_opacity": 0,
        "card_shadow_horizontal_offset": 0,
        "card_shadow_vertical_offset": 0,
        "card_shadow_blur": 30,
        "text_boxes_border_thickness": 0,
        "text_boxes_border_opacity": 10,
        "text_boxes_radius": 0,
        "text_boxes_shadow_opacity": 0,
        "text_boxes_shadow_horizontal_offset": 0,
        "text_boxes_shadow_vertical_offset": 4,
        "text_boxes_shadow_blur": 5,
        "media_border_thickness": 0,
        "media_border_opacity": 0,
        "media_radius": 0,
        "media_shadow_opacity": 0,
        "media_shadow_horizontal_offset": 0,
        "media_shadow_vertical_offset": 4,
        "media_shadow_blur": 5,
        "popup_border_thickness": 0,
        "popup_border_opacity": 0,
        "popup_corner_radius": 0,
        "popup_shadow_opacity": 20,
        "popup_shadow_horizontal_offset": 0,
        "popup_shadow_vertical_offset": 0,
        "popup_shadow_blur": 10,
        "drawer_border_thickness": 0,
        "drawer_border_opacity": 0,
        "drawer_shadow_opacity": 0,
        "drawer_shadow_horizontal_offset": 0,
        "drawer_shadow_vertical_offset": 0,
        "drawer_shadow_blur": 0,
        "badge_position": "top-right",
        "badge_corner_radius": 0,
        "sale_badge_color_scheme": "background-2",
        "sold_out_badge_color_scheme": "background-1",
        "accent_icons": "accent-1",
        "breadcrumb_image": "shopify:\/\/shop_images\/footer_background.jpg",
        "breadcrumb_style": "center",
        "image_overlay_opacity": 0,
        "breadcrumb_padding_top": 140,
        "breadcrumb_padding_bottom": 140,
        "breadcrumb_margin_bottom": 100,
        "social_twitter_link": "#",
        "social_facebook_link": "#",
        "social_pinterest_link": "",
        "social_instagram_link": "#",
        "social_tiktok_link": "",
        "social_tumblr_link": "",
        "social_snapchat_link": "",
        "social_youtube_link": "",
        "social_vimeo_link": "",
        "predictive_search_enabled": true,
        "predictive_search_show_vendor": false,
        "predictive_search_show_price": true,
        "favicon": "shopify:\/\/shop_images\/fav.png",
        "currency_code_enabled": false,
        "cart_type": "drawer",
        "show_vendor": true,
        "show_cart_note": true,
        "show_gift_wrap": false,
        "show_shipping_info": true,
        "show_discount_option": true,
        "cart_drawer_collection": "",
        "checkout_logo_image": "shopify:\/\/shop_images\/Group_25156.png",
        "checkout_logo_position": "center",
        "checkout_accent_color": "#000000",
        "checkout_button_color": "#000000",
        "enable_cart_icon": false,
        "enable_search": false,
        "enable_stock_status_bar": false,
        "sections": {
            "announcement-bar": {
                "type": "announcement-bar",
                "blocks": {
                    "announcement-bar-0": {
                        "type": "announcement",
                        "settings": {
                            "text": "🌟 Welcome to CEO TimePieces",
                            "link": ""
                        }
                    }
                },
                "block_order": [
                    "announcement-bar-0"
                ],
                "settings": {
                    "page_full_width": true,
                    "page_full_width_spacing": true,
                    "color_scheme": "background-1",
                    "menu": "announcement-menu"
                }
            },
            "header": {
                "type": "header",
                "settings": {
                    "page_full_width": true,
                    "page_full_width_spacing": true,
                    "logo": "shopify:\/\/shop_images\/Logo.png",
                    "logo_width": 80,
                    "logo_position": "top-center",
                    "menu": "main-menu",
                    "menu_alignment": "center",
                    "mobile_screen_width": "1200",
                    "show_line_separator": false,
                    "enable_sticky_header": true,
                    "enable_transparent_header": false,
                    "show_search": true,
                    "show_header_wishlist": true,
                    "show_header_cart": true,
                    "margin_bottom": 0
                }
            },
            "main-password-header": {
                "type": "main-password-header",
                "settings": {
                    "logo": "shopify:\/\/shop_images\/logo.png",
                    "logo_max_width": 200,
                    "color_scheme": "background-1"
                }
            },
            "main-password-footer": {
                "type": "main-password-footer",
                "settings": {
                    "color_scheme": "background-1"
                }
            },
            "top-bar": {
                "type": "top-bar",
                "settings": {
                    "page_full_width": true,
                    "page_full_width_spacing": true,
                    "top_bar_color_scheme": "background-1",
                    "disable_topbar": true,
                    "disable_topbar_mobile": true,
                    "header_mail": "",
                    "header_phone": "",
                    "text": "Free Shipping on Orders over $140",
                    "enable_text_icon": false,
                    "link_text": "",
                    "link": "",
                    "show_social": true,
                    "enable_country_selector": true,
                    "enable_language_selector": true
                }
            },
            "footer": {
                "type": "footer",
                "blocks": {
                    "footer-0": {
                        "type": "link_list",
                        "settings": {
                            "heading": "Explore",
                            "menu": "main-menu",
                            "alignment": "left",
                            "list_style": "vertical"
                        }
                    },
                    "2b116d40-fbbc-46c8-b824-0ffb1e40ed9c": {
                        "type": "link_list",
                        "settings": {
                            "heading": "Services",
                            "menu": "services",
                            "alignment": "left",
                            "list_style": "vertical"
                        }
                    },
                    "7078b2fc-1842-4030-8ab8-c8065c64ff0a": {
                        "type": "link_list",
                        "settings": {
                            "heading": "Policies",
                            "menu": "policies",
                            "alignment": "left",
                            "list_style": "vertical"
                        }
                    },
                    "2b116d40-fbbc-46c8-b824-0ffb1e40ed9b": {
                        "type": "day",
                        "settings": {
                            "heading": "Location",
                            "subtext": "<p>Hatton Garden,<br\/>London, UK.<\/p>",
                            "alignment": "left"
                        }
                    }
                },
                "block_order": [
                    "footer-0",
                    "2b116d40-fbbc-46c8-b824-0ffb1e40ed9c",
                    "7078b2fc-1842-4030-8ab8-c8065c64ff0a",
                    "2b116d40-fbbc-46c8-b824-0ffb1e40ed9b"
                ],
                "settings": {
                    "image": "shopify:\/\/shop_images\/footer_background.jpg",
                    "copyright_content": "<p>All Right Reserved © 2024 Monsterthemes<\/p>",
                    "menu": "announcement-menu",
                    "footer_default": true,
                    "border_right": false,
                    "margin_top": 100,
                    "padding_top": 100,
                    "padding_bottom": 80
                }
            }
        },
        "content_for_index": []
    },
    "presets": {
        "Default": {
            "colors_solid_button_labels": "#ffffff",
            "colors_accent_1": "#121212",
            "gradient_accent_1": "",
            "colors_accent_2": "#334fb4",
            "gradient_accent_2": "",
            "colors_text": "#121212",
            "colors_outline_button_labels": "#121212",
            "colors_background_1": "#ffffff",
            "gradient_background_1": "",
            "colors_background_2": "#f3f3f3",
            "gradient_background_2": "",
            "type_header_font": "assistant_n4",
            "heading_scale": 100,
            "type_body_font": "assistant_n4",
            "body_scale": 100,
            "page_width": 1200,
            "spacing_sections": 0,
            "spacing_grid_horizontal": 8,
            "spacing_grid_vertical": 8,
            "buttons_border_thickness": 1,
            "buttons_border_opacity": 100,
            "buttons_radius": 0,
            "buttons_shadow_opacity": 0,
            "buttons_shadow_horizontal_offset": 0,
            "buttons_shadow_vertical_offset": 4,
            "buttons_shadow_blur": 5,
            "variant_pills_border_thickness": 1,
            "variant_pills_border_opacity": 55,
            "variant_pills_radius": 40,
            "variant_pills_shadow_opacity": 0,
            "variant_pills_shadow_horizontal_offset": 0,
            "variant_pills_shadow_vertical_offset": 4,
            "variant_pills_shadow_blur": 5,
            "inputs_border_thickness": 1,
            "inputs_border_opacity": 55,
            "inputs_radius": 0,
            "inputs_shadow_opacity": 0,
            "inputs_shadow_horizontal_offset": 0,
            "inputs_shadow_vertical_offset": 4,
            "inputs_shadow_blur": 5,
            "card_style": "standard",
            "card_image_padding": 0,
            "card_text_alignment": "left",
            "card_color_scheme": "background-2",
            "card_border_thickness": 0,
            "card_border_opacity": 10,
            "card_corner_radius": 0,
            "card_shadow_opacity": 0,
            "card_shadow_horizontal_offset": 0,
            "card_shadow_vertical_offset": 4,
            "card_shadow_blur": 5,
            "text_boxes_border_thickness": 0,
            "text_boxes_border_opacity": 10,
            "text_boxes_radius": 0,
            "text_boxes_shadow_opacity": 0,
            "text_boxes_shadow_horizontal_offset": 0,
            "text_boxes_shadow_vertical_offset": 4,
            "text_boxes_shadow_blur": 5,
            "media_border_thickness": 1,
            "media_border_opacity": 5,
            "media_radius": 0,
            "media_shadow_opacity": 0,
            "media_shadow_horizontal_offset": 0,
            "media_shadow_vertical_offset": 4,
            "media_shadow_blur": 5,
            "popup_border_thickness": 1,
            "popup_border_opacity": 10,
            "popup_corner_radius": 0,
            "popup_shadow_opacity": 0,
            "popup_shadow_horizontal_offset": 0,
            "popup_shadow_vertical_offset": 4,
            "popup_shadow_blur": 5,
            "drawer_border_thickness": 1,
            "drawer_border_opacity": 10,
            "drawer_shadow_opacity": 0,
            "drawer_shadow_horizontal_offset": 0,
            "drawer_shadow_vertical_offset": 4,
            "drawer_shadow_blur": 5,
            "badge_position": "bottom left",
            "badge_corner_radius": 40,
            "sale_badge_color_scheme": "accent-2",
            "sold_out_badge_color_scheme": "inverse",
            "accent_icons": "text",
            "social_twitter_link": "",
            "social_facebook_link": "",
            "social_pinterest_link": "",
            "social_instagram_link": "",
            "social_tiktok_link": "",
            "social_tumblr_link": "",
            "social_snapchat_link": "",
            "social_youtube_link": "",
            "social_vimeo_link": "",
            "predictive_search_enabled": true,
            "predictive_search_show_vendor": false,
            "predictive_search_show_price": false,
            "currency_code_enabled": true,
            "sections": {
                "announcement-bar": {
                    "type": "announcement-bar",
                    "blocks": {
                        "announcement-bar-0": {
                            "type": "announcement",
                            "settings": {
                                "text": "Welcome to our store",
                                "link": ""
                            }
                        }
                    },
                    "block_order": [
                        "announcement-bar-0"
                    ],
                    "settings": {}
                },
                "header": {
                    "type": "header",
                    "settings": {
                        "logo_width": 90,
                        "logo_position": "middle-left",
                        "menu": "main-menu",
                        "show_line_separator": true,
                        "enable_sticky_header": true,
                        "margin_bottom": 0
                    }
                },
                "footer": {
                    "type": "footer",
                    "blocks": {
                        "footer-0": {
                            "type": "link_list",
                            "settings": {
                                "heading": "Quick links",
                                "menu": "footer"
                            }
                        },
                        "footer-1": {
                            "type": "link_list",
                            "settings": {
                                "heading": "Info",
                                "menu": "footer"
                            }
                        },
                        "footer-2": {
                            "type": "text",
                            "settings": {
                                "heading": "Our mission",
                                "subtext": "<p>Share contact information, store details, and brand content with your customers.<\/p>"
                            }
                        }
                    },
                    "block_order": [
                        "footer-0",
                        "footer-1",
                        "footer-2"
                    ],
                    "settings": {
                        "margin_top": 48,
                        "padding_top": 36,
                        "padding_bottom": 36
                    }
                },
                "main-password-header": {
                    "type": "main-password-header",
                    "settings": {
                        "logo_max_width": 100,
                        "color_scheme": "background-1"
                    }
                },
                "main-password-footer": {
                    "type": "main-password-footer",
                    "settings": {
                        "color_scheme": "background-1"
                    }
                }
            }
        }
    },
    "platform_customizations": {
        "custom_css": [
            ".bg-color-coal-black {background-color: #36454f;}"
        ]
    }
}