{"sections":{"main":{"type":"main-article","blocks":{"featured_image":{"type":"featured_image","settings":{"image_height":"adapt"}},"title":{"type":"title","settings":{"blog_show_date":true,"blog_show_author":true}},"share":{"type":"share","settings":{"share_label":"Share"}},"content":{"type":"content","settings":{}}},"block_order":["featured_image","title","share","content"],"settings":{"page_full_width":false,"page_full_width_spacing":false,"padding_top":0,"padding_bottom":60,"show_articles":false,"article_title":"Recent posts","limit":3,"show_tags":false,"tags_title":"Tags","sidebar_settings":"no-sidebar","show_social":false,"show_promo":false,"sidebar_title":"","sidebar_link_text":"","sidebar_link":"","show_collection":false,"collection_title":"Recent posts","collection":"","collection_limit":5,"show_menu":false,"menu_title":"Categories","linklist":""}}},"order":["main"]}