{"sections":{"main":{"type":"main-blog","settings":{"page_full_width":true,"page_full_width_spacing":true,"custom_class_name":"","layout":"grid","show_image":true,"image_height":"adapt","post_limit":4,"show_date":true,"show_author":true,"show_excerpts":true,"enable_comments":true,"show_articles":true,"article_title":"Recent Articles","limit":3,"show_tags":true,"tags_title":"Tags","show_carousel":false,"carousel_title":"New Arrival","carousel":"trending-jewelry","carousel_limit":2,"enable_quick_add":true,"sidebar_settings":"sidebar-right","show_social":true,"show_promo":true,"sidebar_image":"shopify:\/\/shop_images\/Product_1.png","sidebar_title":"Hot Deals","sidebar_link_text":"Shop Now","sidebar_link":"shopify:\/\/products\/hera-ring","show_menu":false,"menu_title":"Categories","linklist":"footer-menu-2","show_collection":true,"collection_title":"New Arrivals","collection":"wedding-rings","collection_limit":2,"padding_top":0,"padding_bottom":20}}},"order":["main"]}