{"sections":{"product-grid":{"type":"main-collection-product-grid","settings":{"products_per_page":12,"columns_desktop":3,"collections_custom_cols":true,"page_full_width":true,"page_full_width_spacing":true,"image_ratio":"square","show_secondary_image":true,"show_vendor":false,"show_new_tag":true,"show_rating":false,"enable_filtering":true,"filter_type":"vertical","enable_sorting":true,"pagination":"numbers","columns_mobile":"1","padding_top":0,"padding_bottom":0,"sidebar_settings":"sidebar-left","enable_grid_list":true}}},"order":["product-grid"]}