{
    "sections": {
        "bf059b5f-860d-4006-9cd7-fc4b068e7cc7": {
            "type": "slideshow",
            "blocks": {
                "template--18572285182250__bf059b5f-860d-4006-9cd7-fc4b068e7cc7-1682405944fb8f83cd-0": {
                    "type": "slide",
                    "settings": {
                        "image": "shopify:\/\/shop_images\/Slider_1.png",
                        "mobile_image": "shopify:\/\/shop_images\/mobile-slider-1.png",
                        "heading": "Fabulous Daily Wear Watches",
                        "heading_size": "h1",
                        "subheading": "",
                        "text": "Embellish your daily ensemble with timepieces that epitomize elegance and functionality. Each watch boasts intricate details and precision engineering.",
                        "box_align": "middle-left",
                        "show_text_box": false,
                        "text_alignment": "left",
                        "image_overlay_opacity": 0,
                        "color_scheme": "transparent",
                        "text_alignment_mobile": "center"
                    }
                },
                "template--18572285182250__bf059b5f-860d-4006-9cd7-fc4b068e7cc7-1682405944fb8f83cd-1": {
                    "type": "slide",
                    "settings": {
                        "image": "shopify:\/\/shop_images\/Slider_2.png",
                        "mobile_image": "shopify:\/\/shop_images\/mobile-slider-2.jpg",
                        "heading": "Trendsetting Timepieces with Sleek Modern Designs",
                        "heading_size": "h1",
                        "subheading": "",
                        "text": "Enhance your everyday attire with timepieces that embody both grace and practicality. Every watch showcases meticulous craftsmanship and precise engineering.",
                        "box_align": "middle-left",
                        "show_text_box": false,
                        "text_alignment": "left",
                        "image_overlay_opacity": 0,
                        "color_scheme": "background-1",
                        "text_alignment_mobile": "center"
                    }
                }
            },
            "block_order": [
                "template--18572285182250__bf059b5f-860d-4006-9cd7-fc4b068e7cc7-1682405944fb8f83cd-0",
                "template--18572285182250__bf059b5f-860d-4006-9cd7-fc4b068e7cc7-1682405944fb8f83cd-1"
            ],
            "settings": {
                "page_full_width": true,
                "page_full_width_spacing": false,
                "slide_height": "adapt_image",
                "swiper_pagination": true,
                "auto_play": 4,
                "slider_effect": "fade"
            }
        },
        "67939cbb-4c4c-43c6-af7d-2a64a8e124c6": {
            "type": "grid-banner",
            "blocks": {
                "7ed34d5d-f429-4906-b907-1137bd3b8e80": {
                    "type": "text",
                    "settings": {
                        "block_image": "shopify:\/\/shop_images\/grid-1.png",
                        "show_content": true,
                        "block_title": "Rolex",
                        "enable_title_link": false,
                        "block_sub_title": "New Design",
                        "block_description": "",
                        "desktop_content_alignment": "left"
                    }
                },
                "8fde4ea2-1db8-4afd-a427-c84593c6798b": {
                    "type": "text",
                    "settings": {
                        "block_image": "shopify:\/\/shop_images\/grid_2.png",
                        "show_content": true,
                        "block_title": "Patex",
                        "enable_title_link": false,
                        "block_sub_title": "",
                        "block_description": "",
                        "desktop_content_alignment": "left"
                    }
                },
                "4beb1176-3734-42af-a918-3365bfff200d": {
                    "type": "text",
                    "settings": {
                        "block_image": "shopify:\/\/shop_images\/grid-3.png",
                        "show_content": true,
                        "block_title": "Piguet<br>Audemars",
                        "enable_title_link": false,
                        "block_sub_title": "",
                        "block_description": "",
                        "desktop_content_alignment": "left"
                    }
                }
            },
            "block_order": [
                "7ed34d5d-f429-4906-b907-1137bd3b8e80",
                "8fde4ea2-1db8-4afd-a427-c84593c6798b",
                "4beb1176-3734-42af-a918-3365bfff200d"
            ],
            "settings": {
                "page_full_width": true,
                "page_full_width_spacing": true,
                "banner_style": "overlay",
                "grid-column": "3",
                "column_gap": "20",
                "overlay_height": 300,
                "overlay_height_laptop": 300,
                "overlay_height_tab": 300,
                "overlay_height_mobile": 300,
                "padding_top": 120,
                "padding_bottom": 0,
                "custom_class_name": "custom-home-grid-1"
            }
        },
        "21d5ae20-aaad-4b2c-8c22-df33db267231": {
            "type": "grid-banner",
            "blocks": {
                "3415ee57-8a6a-4167-b7f4-dec7642030b9": {
                    "type": "text",
                    "settings": {
                        "block_image": "shopify:\/\/shop_images\/Group-1.png",
                        "show_content": true,
                        "block_title": "DAY DATES",
                        "enable_title_link": true,
                        "block_sub_title": "",
                        "block_description": "",
                        "desktop_content_alignment": "left"
                    }
                },
                "daf19794-1e1b-437f-8cd5-75cca7d6c81c": {
                    "type": "text",
                    "settings": {
                        "block_image": "shopify:\/\/shop_images\/Group-2.png",
                        "show_content": true,
                        "block_title": "NAUTILUS",
                        "enable_title_link": true,
                        "block_sub_title": "Big Deal",
                        "block_description": "",
                        "desktop_content_alignment": "left"
                    }
                }
            },
            "block_order": [
                "3415ee57-8a6a-4167-b7f4-dec7642030b9",
                "daf19794-1e1b-437f-8cd5-75cca7d6c81c"
            ],
            "settings": {
                "page_full_width": true,
                "page_full_width_spacing": true,
                "banner_style": "overlay",
                "grid-column": "2",
                "column_gap": "20",
                "overlay_height": 400,
                "overlay_height_laptop": 400,
                "overlay_height_tab": 400,
                "overlay_height_mobile": 400,
                "padding_top": 20,
                "padding_bottom": 20,
                "custom_class_name": "custom-home-grid-2"
            }
        },
        "219c3b0d-5439-4844-9276-e43a59742a5e": {
            "type": "grid-banner-with-product",
            "blocks": {
                "2f58b43e-8fc9-4edb-a7f8-4ab5e880de34": {
                    "type": "video",
                    "settings": {
                        "anime_img": "shopify:\/\/shop_images\/animate_image.png",
                        "show_vendor": false,
                        "block_image": "shopify:\/\/shop_images\/video_pop_up.png",
                        "enable_video": true,
                        "video_url": "https:\/\/youtu.be\/dntyqXZLk3g",
                        "show_content": true,
                        "block_title": "<br>Mind-Blowingly <br> Beautiful Design Watches",
                        "enable_title_link": false,
                        "block_sub_title": "",
                        "block_description": "Turpis nunc eget lorem dolor sed viverra ipsum nunc. Non enim praesent elementum facilisis leo. Netus et malesuada fames ac turpis egestas integer eget.",
                        "additional_description": "Luxury & Antique Watches.",
                        
                        "desktop_content_alignment": "left"
                    }
                }
            },
            "block_order": [
                "2f58b43e-8fc9-4edb-a7f8-4ab5e880de34"
            ],
            "settings": {
                "page_full_width": true,
                "page_full_width_spacing": false,
                "banner_style": "list",
                "grid-column": "1",
                "padding_top": 0,
                "padding_bottom": 0,
                "custom_class_name": "custom-video-grid"
            }
        },
        "850f7da6-00ea-428b-839b-78ee33a5960b": {
            "type": "instagram-gallery",
            "blocks": {
                "85fc572c-6d1c-457c-9607-f29462b9a20b": {
                    "type": "text",
                    "settings": {
                        "block_image": "shopify:\/\/shop_images\/insta-1.png"
                    }
                },
                "8480f711-4e2b-492e-aa61-b8f77d299223": {
                    "type": "text",
                    "settings": {
                        "block_image": "shopify:\/\/shop_images\/insta-4.png"
                    }
                },
                "033c4e8f-a366-4c80-86cc-dbad90f34bff": {
                    "type": "text",
                    "settings": {
                        "block_image": "shopify:\/\/shop_images\/insta-3.png"
                    }
                },
                "973cd0cf-c2d2-48ec-aa0a-1a4227da9618": {
                    "type": "text",
                    "settings": {
                        "block_image": "shopify:\/\/shop_images\/insta-5.png"
                    }
                },
                "7e507ac7-f695-47e1-88a0-90065f29cf95": {
                    "type": "text",
                    "settings": {
                        "block_image": "shopify:\/\/shop_images\/insta-6.png"
                    }
                }
            },
            "block_order": [
                "85fc572c-6d1c-457c-9607-f29462b9a20b",
                "8480f711-4e2b-492e-aa61-b8f77d299223",
                "033c4e8f-a366-4c80-86cc-dbad90f34bff",
                "973cd0cf-c2d2-48ec-aa0a-1a4227da9618",
                "7e507ac7-f695-47e1-88a0-90065f29cf95"
            ],
            "settings": {
                "page_full_width": true,
                "page_full_width_spacing": true,
                "title": "Our Brands",
                "heading_size": "h1",
                "padding_top": 0,
                "padding_bottom": 100,
                "swiper_enable": true,
                "desktop_column": 4,
                "tablet_column": 4,
                "mobile_column": 1,
                "swiper_navigation": false,
                "auto_play": 5,
                "swipe_on_mobile": false,
                "arrow_on_mobile": false
            }
        },
        "57a0c164-1f0f-431f-9a00-facd80ae8b22": {
            "type": "newsletter",
            "blocks": {
                "template--19096903942466__57a0c164-1f0f-431f-9a00-facd80ae8b22-1684475637d22a5c73-0": {
                    "type": "heading",
                    "settings": {
                        "heading": "Subscribe Our News Letter And <span> Get Exclusive Offers<\/span>",
                        "heading_size": "h1"
                    }
                },
                "template--19096903942466__57a0c164-1f0f-431f-9a00-facd80ae8b22-1684475637d22a5c73-2": {
                    "type": "email_form",
                    "settings": {}
                }
            },
            "block_order": [
                "template--19096903942466__57a0c164-1f0f-431f-9a00-facd80ae8b22-1684475637d22a5c73-0",
                "template--19096903942466__57a0c164-1f0f-431f-9a00-facd80ae8b22-1684475637d22a5c73-2"
            ],
            "settings": {
                "color_scheme": "background-1",
                "newletter_icon": "shopify:\/\/shop_images\/newsletter.png",
                "padding_top": 100,
                "padding_bottom": 100
            }
        }
    },
    "order": [
        "bf059b5f-860d-4006-9cd7-fc4b068e7cc7",
        "67939cbb-4c4c-43c6-af7d-2a64a8e124c6",
        "21d5ae20-aaad-4b2c-8c22-df33db267231",
        "219c3b0d-5439-4844-9276-e43a59742a5e",
        "850f7da6-00ea-428b-839b-78ee33a5960b",
        "57a0c164-1f0f-431f-9a00-facd80ae8b22"
    ]
}