{
    "sections": {
        "main": {
            "type": "main-page",
            "disabled": true,
            "settings": {
                "page_full_width": false,
                "page_full_width_spacing": false,
                "padding_top": 0,
                "padding_bottom": 0
            }
        },
        "0b8c12a8-0a65-4c8c-b88c-2a212202886f": {
            "type": "form-image",
            "settings": {
                "page_full_width": true,
                "page_full_width_spacing": true,
                "heading": "Tell Us Your Message",
                "heading_size": "h1",
                "description": "",
                "color_scheme": "background-1",
                "address_heading": "Address",
                "address": "<p>No: 58 A, East Madison Street,<br\/><\/p><p>Baltimore, MD, USA 4508<\/p>",
                "phone_heading": "Phone",
                "phone_1": "Mobile: 000 - 123 - 456789",
                "phone_2": "Landline: 000 - 123 - 456789",
                "mail_heading": "Email",
                "mail_1": "info@example.com",
                "mail_2": "support@example.com",
                "social_heading": "Social",
                "padding_top": 0,
                "padding_bottom": 0
            }
        }
    },
    "order": [
        "main",
        "0b8c12a8-0a65-4c8c-b88c-2a212202886f"
    ]
}