{"sections":{"main":{"type":"main-page","disabled":true,"settings":{"page_full_width":false,"page_full_width_spacing":false,"padding_top":0,"padding_bottom":0}},"dac594f5-6f42-441b-b718-a5640c6f4896":{"type":"collapsible-content","blocks":{"template--16688272900316__dac594f5-6f42-441b-b718-a5640c6f4896-16672924418c53fb80-0":{"type":"collapsible_row","settings":{"heading":"How Will My Order Be Delivered To Me?","icon":"none","row_content":"<p>Egestas maximus ullamcorper quis vestibulum nibh aptent dignissim donec imperdiet. Dui ridiculus dictumst auctor proin vivamus efficitur aptent tempus.<\/p>","page":""}},"template--16688272900316__dac594f5-6f42-441b-b718-a5640c6f4896-16672924418c53fb80-1":{"type":"collapsible_row","settings":{"heading":"What Should I Know Before Buying Jewelry?","icon":"none","row_content":"<p>Aliquet nibh praesent tristique magna. Tellus elementum sagittis vitae et. Diam volutpat commodo sed egestas egestas fringilla phasellus faucibus.<\/p>","page":""}},"template--16688272900316__dac594f5-6f42-441b-b718-a5640c6f4896-16672924418c53fb80-2":{"type":"collapsible_row","settings":{"heading":"How Will I Know If Order Is Placed Successfully?","icon":"none","row_content":"<p>Placerat duis ultricies lacus sed turpis tincidunt id aliquet risus. Fringilla ut morbi tincidunt augue interdum. Netus et malesuada fames ac turpis egestas integer eget aliquet.<\/p>","page":""}},"template--16688272900316__dac594f5-6f42-441b-b718-a5640c6f4896-16672924418c53fb80-3":{"type":"collapsible_row","settings":{"heading":"How Do I Check The Status Of My Order?","icon":"none","row_content":"<p>Aliquam ut porttitor leo a diam sollicitudin tempor. Non tellus orci ac auctor augue mauris augue neque. Enim ut tellus elementum sagittis vitae et leo duis ut.<\/p>","page":""}},"a28c49d0-90ca-483f-bf46-d4bee34fac3b":{"type":"collapsible_row","settings":{"heading":"What Kind Of Payment Methods Do You Have?","icon":"none","row_content":"<p>Luctus accumsan tortor posuere ac ut consequat semper. Duis ultricies lacus sed turpis tincidunt id aliquet risus feugiat.<\/p>","page":""}},"efe13fc1-badc-4b55-90be-da1d5ba0500b":{"type":"collapsible_row","settings":{"heading":"Can I Pay Online?","icon":"none","row_content":"<p>Egestas maximus ullamcorper quis vestibulum nibh aptent dignissim donec imperdiet. Dui ridiculus dictumst auctor proin vivamus efficitur aptent tempus.<\/p>","page":""}}},"block_order":["template--16688272900316__dac594f5-6f42-441b-b718-a5640c6f4896-16672924418c53fb80-0","template--16688272900316__dac594f5-6f42-441b-b718-a5640c6f4896-16672924418c53fb80-1","template--16688272900316__dac594f5-6f42-441b-b718-a5640c6f4896-16672924418c53fb80-2","template--16688272900316__dac594f5-6f42-441b-b718-a5640c6f4896-16672924418c53fb80-3","a28c49d0-90ca-483f-bf46-d4bee34fac3b","efe13fc1-badc-4b55-90be-da1d5ba0500b"],"settings":{"title":"Designs Related FAQ","heading_size":"h1","sub_heading":"FAQ","description":"Tristique senectus et netus et malesuada fames ac. A arcu cursus vitae congue mauris rhoncus aenean.","button_label":"","button_link":"","button_style_secondary":false,"column_alignment":"left","layout":"section","color_scheme":"background-1","container_color_scheme":"background-1","open_first_collapsible_row":true,"enable_address_block":true,"image":"shopify:\/\/shop_images\/Faq.png","image_ratio":"adapt","address_heading":"","collapsible_address":"","collapsible_contact_no":"","collapsible_contact_id":"","desktop_layout":"image_first","padding_top":0,"padding_bottom":60,"custom_class_name":""}},"b0dc6ebc-f6f2-4a59-a108-e6c3528882a0":{"type":"instagram-gallery","blocks":{"10b654dd-367d-4840-88ca-0a4f1d5db14e":{"type":"text","settings":{"block_image":"shopify:\/\/shop_images\/insta-1.jpg"}},"f07d0755-bedc-4585-8baa-03fa36be496a":{"type":"text","settings":{"block_image":"shopify:\/\/shop_images\/insta-2.jpg"}},"72826e1a-07b6-4529-97d5-d621a7fa3e00":{"type":"text","settings":{"block_image":"shopify:\/\/shop_images\/insta-3.jpg"}},"2a440feb-91cd-40ac-a638-5d763d5f252e":{"type":"text","settings":{"block_image":"shopify:\/\/shop_images\/insta-4.jpg"}},"7e8baa35-3b5e-45cb-82a8-f52bf958811c":{"type":"text","settings":{"block_image":"shopify:\/\/shop_images\/insta-5.jpg"}},"1f64c695-b199-4f69-8f74-5ea6fc73e02b":{"type":"text","settings":{"block_image":"shopify:\/\/shop_images\/insta-6.jpg"}}},"block_order":["10b654dd-367d-4840-88ca-0a4f1d5db14e","f07d0755-bedc-4585-8baa-03fa36be496a","72826e1a-07b6-4529-97d5-d621a7fa3e00","2a440feb-91cd-40ac-a638-5d763d5f252e","7e8baa35-3b5e-45cb-82a8-f52bf958811c","1f64c695-b199-4f69-8f74-5ea6fc73e02b"],"settings":{"page_full_width":true,"page_full_width_spacing":true,"title":"@ceo_timepieces","heading_size":"h1","padding_top":0,"padding_bottom":0,"swiper_enable":true,"desktop_column":6,"tablet_column":3,"mobile_column":1,"swiper_navigation":false,"auto_play":1,"swipe_on_mobile":true,"arrow_on_mobile":false}}},"order":["main","dac594f5-6f42-441b-b718-a5640c6f4896","b0dc6ebc-f6f2-4a59-a108-e6c3528882a0"]}