{
    "sections": {
        "main": {
            "type": "main-page",
            "settings": {
                "page_full_width": false,
                "page_full_width_spacing": false,
                "padding_top": 0,
                "padding_bottom": 0
            }
        },
        "c962a237-c2d2-42fc-82bd-ea0c0c864045": {
            "type": "number-counter",
            "blocks": {
                "e9037c63-eec3-41b4-a5a1-5f147f2f6ea9": {
                    "type": "icon",
                    "settings": {
                        "title": "",
                        "text": "Branches Across The Country",
                        "value": "20",
                        "value_text": "",
                        "column_alignment": "left"
                    }
                },
                "3ac51dd7-28fa-4ba2-9655-49c872d5b72c": {
                    "type": "icon",
                    "settings": {
                        "title": "",
                        "text": "Happy Satisfied Customer",
                        "value": "10",
                        "value_text": "k",
                        "column_alignment": "left"
                    }
                },
                "efaef2ba-0e13-47a8-8953-b20347bd2515": {
                    "type": "icon",
                    "settings": {
                        "title": "",
                        "text": "Best Watches Collections",
                        "value": "65",
                        "value_text": "+",
                        "column_alignment": "left"
                    }
                }
            },
            "block_order": [
                "e9037c63-eec3-41b4-a5a1-5f147f2f6ea9",
                "3ac51dd7-28fa-4ba2-9655-49c872d5b72c",
                "efaef2ba-0e13-47a8-8953-b20347bd2515"
            ],
            "settings": {
                "page_full_width": true,
                "page_full_width_spacing": true,
                "title": "Traditional Watches",
                "heading_size": "h0",
                "sub_heading": "New Comings",
                "description": "Mauris in aliquam sem fringilla ut morbi. Commodo ullamcorper a lacus vestibulum sed arcu non. Elementum nibh tellus molestie nunc non blandit massa enim. Pulvinar sapien et ligula ullamcorper malesuada proin libero. Nulla porttitor massa id neque aliquam vestibulum morbi blandit cursus. Congue nisi vitae suscipit tellus.",
                "button_style_secondary": false,
                "column_alignment": "left",
                "columns_desktop": 3,
                "color_scheme": "background-1",
                "counter_block_image": "shopify:\/\/shop_images\/Component_7_1.png",
                "padding_top": 0,
                "padding_bottom": 100,
                "custom_class_name": ""
            }
        },
        "3eddebc2-2dd7-46e7-8acc-7b76ee8c9173": {
            "type": "home-custom-section",
            "blocks": {
                "62c79397-7749-4b07-abb7-56e8771020cd": {
                    "type": "content",
                    "settings": {
                        "block_heading": "What We Provide",
                        "block_sub_heading": "",
                        "block_description": "Tristique sollicitudin nibh sit amet commodo nulla facilisi nullam. Amet mauris commodo quis imperdiet massa tincidunt. Enim diam vulputate ut pharetra sit amet. Scelerisque viverra mauris in aliquam sem fringilla ut morbi tincidunt. Non diam phasellus vestibulum lorem sed risus ultricies tristique. In nibh mauris cursus mattis molestie a.",
                        "html": "",
                        "block_button_text": "",
                        "block_button_link": "",
                        "heading_position": "text-start",
                        "block_img_1": "shopify:\/\/shop_images\/Group_41.svg",
                        "block_img_2": "shopify:\/\/shop_images\/Group_38.svg"
                    }
                },
                "07696cb5-641e-4e95-b7ac-1354c65b7bf3": {
                    "type": "progress",
                    "settings": {
                        "range_title": "Watches",
                        "range": 75
                    }
                },
                "99d923e7-9181-492f-95e9-7c4e796fa05d": {
                    "type": "progress",
                    "settings": {
                        "range_title": "New Designs",
                        "range": 98
                    }
                },
                "d3c57a63-7e49-4bc4-8b9f-3b980ade8e7d": {
                    "type": "progress",
                    "settings": {
                        "range_title": "Modern Shapes",
                        "range": 78
                    }
                }
            },
            "block_order": [
                "62c79397-7749-4b07-abb7-56e8771020cd",
                "07696cb5-641e-4e95-b7ac-1354c65b7bf3",
                "99d923e7-9181-492f-95e9-7c4e796fa05d",
                "d3c57a63-7e49-4bc4-8b9f-3b980ade8e7d"
            ],
            "settings": {
                "page_full_width": true,
                "page_full_width_spacing": true,
                "color_scheme": "background-1",
                "padding_top": 100,
                "padding_bottom": 100
            }
        },
        "d4ccb8cd-6408-42f1-b7b9-3ba3418eb627": {
            "type": "testimonial-with-video",
            "blocks": {
                "template--19096904106306__d4ccb8cd-6408-42f1-b7b9-3ba3418eb627-16850956122a960f1f-0": {
                    "type": "text",
                    "settings": {
                        "author": "Laara",
                        "job_title": "Professor",
                        "quote": "<p>Volutpat est velit egestas dui id ornare arcu. Neque egestas congue quisque egestas diam. Amet consectetur adipiscing elit pellentesque habitant morbi tristique senectus. Nunc scelerisque viverra mauris in aliquam sem fringilla. <\/p>",
                        "link_label": "",
                        "link": ""
                    }
                },
                "template--19096904106306__d4ccb8cd-6408-42f1-b7b9-3ba3418eb627-16850956122a960f1f-1": {
                    "type": "text",
                    "settings": {
                        "author": "Mathew",
                        "job_title": "Designer",
                        "quote": "<p>Faucibus in ornare quam viverra orci sagittis eu. Augue eget arcu dictum varius duis. Nunc mi ipsum faucibus vitae aliquet nec ullamcorper sit. Nisl condimentum id venenatis a condimentum vitae sapien pellentesque habitant. <\/p>",
                        "link_label": "",
                        "link": ""
                    }
                },
                "template--19096904106306__d4ccb8cd-6408-42f1-b7b9-3ba3418eb627-16850956122a960f1f-2": {
                    "type": "text",
                    "settings": {
                        "author": "Ema",
                        "job_title": "Engineer",
                        "quote": "<p>Suspendisse faucibus interdum posuere lorem ipsum dolor sit amet.  Viverra mauris in aliquam sem. Purus semper eget duis at tellus at. Tempor orci dapibus ultrices in. Feugiat sed lectus vestibulum mattis ullamcorper velit sed ullamcorper.<\/p>",
                        "link_label": "",
                        "link": ""
                    }
                },
                "0774de1d-fc9d-4ed1-9fdf-0fb13666fd08": {
                    "type": "text",
                    "settings": {
                        "author": "David",
                        "job_title": "Architect",
                        "quote": "<p>Duis viverra mauris in aliquam sem fringilla ut. Eget magna fermentum iaculis eu non diam. Interdum varius sit amet mattis vulputate enim nulla aliquet porttitor. Risus nec feugiat in fermentum posuere urna nec.<\/p>",
                        "link_label": "",
                        "link": ""
                    }
                },
                "9a5ea27e-619f-4c2c-a761-ef99b3324a12": {
                    "type": "text",
                    "settings": {
                        "author": "Lisha",
                        "job_title": "General Manager",
                        "quote": "<p>Risus nec feugiat in fermentum posuere urna nec. Mi bibendum neque egestas congue quisque egestas diam in. Duis ut diam quam nulla porttitor massa id. Leo in vitae turpis massa sed elementum tempus.<\/p>",
                        "link_label": "",
                        "link": ""
                    }
                },
                "60763a32-10b6-41b2-9e07-e9da42950e2b": {
                    "type": "text",
                    "disabled": true,
                    "settings": {
                        "author": "Kuttan Dev",
                        "job_title": "john",
                        "quote": "<p>There are many variations of passages of Lorem Ipsum available, but the majority have suffered alteration in some form, by injected humour, or randomised words which don't look even slightly believable. If you are going to use a passage of Lorem Ipsum.<\/p>",
                        "link_label": "",
                        "link": ""
                    }
                }
            },
            "block_order": [
                "template--19096904106306__d4ccb8cd-6408-42f1-b7b9-3ba3418eb627-16850956122a960f1f-0",
                "template--19096904106306__d4ccb8cd-6408-42f1-b7b9-3ba3418eb627-16850956122a960f1f-1",
                "template--19096904106306__d4ccb8cd-6408-42f1-b7b9-3ba3418eb627-16850956122a960f1f-2",
                "0774de1d-fc9d-4ed1-9fdf-0fb13666fd08",
                "9a5ea27e-619f-4c2c-a761-ef99b3324a12",
                "60763a32-10b6-41b2-9e07-e9da42950e2b"
            ],
            "settings": {
                "page_full_width": true,
                "page_full_width_spacing": true,
                "bg_image": "shopify:\/\/shop_images\/testimonial_backghround_2.png",
                "title": "Our Happy Clients Thoughts",
                "heading_size": "h1",
                "column_alignment": "center",
                "color_scheme": "background-1",
                "testimonial_text_alignment": "center",
                "quote_icon": "shopify:\/\/shop_images\/quote-icon.png",
                "padding_top": 100,
                "padding_bottom": 60,
                "custom_class_name": "custom-testimonial",
                "desktop_column": 1,
                "tablet_column": 1,
                "mobile_column": 1,
                "centered_slide": false,
                "swiper_pagination": true,
                "swiper_navigation": true,
                "auto_play": 0
            }
        },
        "7227d858-9ef3-4ac7-9bb6-d999cdbba70a": {
            "type": "grid-banner",
            "blocks": {
                "a733e285-5c95-4791-9a53-2e77774fc705": {
                    "type": "text",
                    "settings": {
                        "block_image": "shopify:\/\/shop_images\/about_grid.jpg",
                        "show_content": true,
                        "block_title": "Trendy Design Watches",
                        "enable_title_link": false,
                        "block_sub_title": "",
                        "block_description": "Justo donec enim diam vulputate ut pharetra sit amet aliquam. Eget duis at tellus at. Sollicitudin nibh sit amet commodo. Montes nascetur ridiculus mus mauris vitae.",
                        "block_button_text": "Shop Now",
                        "block_button_link": "shopify:\/\/collections\/best-sales",
                        "desktop_content_alignment": "center"
                    }
                }
            },
            "block_order": [
                "a733e285-5c95-4791-9a53-2e77774fc705"
            ],
            "settings": {
                "page_full_width": true,
                "page_full_width_spacing": true,
                "banner_style": "list",
                "grid-column": "1",
                "column_gap": "",
                "overlay_height": 400,
                "overlay_height_laptop": 400,
                "overlay_height_tab": 400,
                "overlay_height_mobile": 400,
                "padding_top": 108,
                "padding_bottom": 108,
                "custom_class_name": "custom-about-css"
            }
        },
        "db98fec5-3b89-46d5-a0ba-ec8e677eb019": {
            "type": "newsletter",
            "blocks": {
                "template--19096904106306__db98fec5-3b89-46d5-a0ba-ec8e677eb019-16851031203ccc9d30-0": {
                    "type": "heading",
                    "settings": {
                        "heading": "Subscribe To Our Newsletter And Grab <span> 25% OFF<\/span>",
                        "heading_size": "h1"
                    }
                },
                "template--19096904106306__db98fec5-3b89-46d5-a0ba-ec8e677eb019-16851031203ccc9d30-2": {
                    "type": "email_form",
                    "settings": {}
                }
            },
            "block_order": [
                "template--19096904106306__db98fec5-3b89-46d5-a0ba-ec8e677eb019-16851031203ccc9d30-0",
                "template--19096904106306__db98fec5-3b89-46d5-a0ba-ec8e677eb019-16851031203ccc9d30-2"
            ],
            "settings": {
                "color_scheme": "background-1",
                "newletter_icon": "shopify:\/\/shop_images\/newsletter.png",
                "padding_top": 100,
                "padding_bottom": 100
            }
        }
    },
    "order": [
        "main",
        "c962a237-c2d2-42fc-82bd-ea0c0c864045",
        "3eddebc2-2dd7-46e7-8acc-7b76ee8c9173",
        "d4ccb8cd-6408-42f1-b7b9-3ba3418eb627",
        "7227d858-9ef3-4ac7-9bb6-d999cdbba70a",
        "db98fec5-3b89-46d5-a0ba-ec8e677eb019"
    ]
}